Название;event_id;כינוי לשם האירוע;Бизнес-категория события;Краткое описание сути события;За сколько обычно планируют событие;Уровень временного давления;Насколько допустим перенос события с нашей стороны;Насколько допустим перенос события со стороны клиента;Типичное время проведения;Состоит ли событие из нескольких частей;Типичное минимальное количество гостей;Максимум гостей (типично);Длительность;Допустимый разброс длительности события;Типовые форматы проведения;Типичные локации;Типы локаций с ограничениями;Состояние клиента при первом обращении;Типичный уровень напряжённости клиента;Что клиент хочет решить в момент первого контакта;Ключевой риск, которого боится клиент;Роль клиента в принятии решения;Тип клиента;Категория клиента (B2C / B2B);Кто принимает решение;Кол-во решающих;Типичная гибкость клиента при обсуждени;Стиль общения;Темп общения;Что нельзя в общении;Что важно транслировать;Релевантные услуги;Запрещённые услуги;Услуги с условиями;Риски и срывы;Обязательные условия для оказания услуг;Технические требования;Организационные требования;Юридические ограничения;Требования к стороне клиента;Религиозные ограничения;Ограничения по времени / дням недели;Обязательные данные от клиента;Примечания
ברית מילה;brit_mila;ברית, מסיבת ברית;מסורתי משפחתי;ברית מילה הוא אירוע שנערך ביום ה 8 להולדת הבן, בדרך כלל כולל טקס ברית מילה עצמו, וסעודה. אירוע לרוב מתמשך עם הגדרת זמנים תוחמים (קבועים), רגיש לחוקים דתיים/מסורתיים;1-7 ימים;Критичная;Не допустим;допустим, Переносы могут быть из-за желтухи у новорожденых;Церемония происходит до заката, так что само торжество должно начаться до заката, а закончиться может позже. Так как время и солнце двигаются то получается что время может меняться в зависимости от времени года.  За частую начало после обеда. Но если речь идет о пятнице тогда может быть и раньше. Бывает начало и в 8 утра.;1 событие;20;150;Примерно 3 часа;שעה וחצי +-;צילומי משפחה, קבלת פנים, טקס, סעודה;מסעדה, אולם אירועים, בית כנסת, בית פרטי או דירה;בחוץ;"אמא (אחרי לידה): רגישה, מוצפת
	•	אבא: לחוץ, דרוך
	•	סבתא/סבא: שמחים, מתלהבים
	•	אח/ות: עוזר, נלהב";"	•	אמא (אחרי לידה): קריטי
	•	אבא: גבוה
	•	סבתא/סבא: בינוני
	•	אח/ות: בינוני";"•	אמא: לסגור ספק מהר בלי טעויות
	•	אבא: לקבל אישור זמינות מחיר מיד
	•	סבתא/סבא: להבין חבילה מהירה מתאימה
	•	אח/ות: לסגור שירות בלי להטריד הורים";"	•	אמא: להיתקע בלי שירות ברגע האחרון, לבחור ספק שלא עומד בהתחייבות
	•	אבא: לפספס רגעים חשובים של הטקס, לבחור ספק שלא עומד בהתחייבות
	•	סבתא/סבא: להיראות לא מכובד מול משפחה
	•	אח/ות: לבחור ספק שלא עומד בהתחייבות";"•	אמא: Совместное решение
	•	אבא: Совместное решение
	•	סבתא/סבא: Влияет на решение
	•	אח/ות: Посредник
";;B2C;;;;;;;;"
Magnets
Blocks
stills
Video
Photo-box-selfie
Catering
Branding
Balloons
planning_events
Album
Flowers";Games;;;;;;;;;;;
פדיון הבן;pidyon_haben;ברית מילה, ברית, מסיבת ברית;מסורתי משפחתי;פדיון הבן הוא אירוע שנערך ביום ה 31 אחרי הולדת הבן, בדרך כלל כולל טקס פדיון הבן, וסעודה. אירוע לרוב מתמשך עם הגדרת זמנים תוחמים (קבועים), פחות רגיש לחוקים דתיים/מסורתיים;7-14 ימים לפני האירוע, יכול להיות גם ממש סמוך לאירוע;גבוה;Не допустим;Не допустим;Любое время, чаще вечер;1 событие;20;150;Примерно 3 часа;שעה וחצי +-;צילומי משפחה, קבלת פנים, טקס, סעודה;מסעדה, אולם אירועים,;בחוץ;"אבא: אחראי, זהיר
	•	אמא (אחרי לידה): עייפה, רגישה
	•	סבא/סבתא: מרוגשים, גאים";"	•	אבא: גבוה
	•	אמא (אחרי לידה): גבוה
	•	סבא/סבתא: בינוני";"	•	אבא: לוודא חבילה זמינות מחיר
	•	אמא: לסגור ארגון בסיסי בלי עומס
	•	סבא/סבתא: להבין מה צריך להזמין בדיוק";"•	אמא: להיתקע בלי שירות ברגע האחרון, לבחור ספק שלא עומד בהתחייבות
	•	אבא: לפספס רגעים חשובים של הטקס, לבחור ספק שלא עומד בהתחייבות
	•	סבתא/סבא: להיראות לא מכובד מול משפחה
	•	אח/ות: לבחור ספק שלא עומד בהתחייבות";"	•	אמא: Совместное решение
	•	אבא: Совместное решение
	•	סבתא/סבא: Влияет на решение
	•	אח/ות: Посредник";;B2C;;;;;;;;"
Magnets
Blocks
stills
Video
Photo-box-selfie 
Catering
Branding
Balloons
planning_events
Album
Flowers";Games;;;;;;;;;;;
בריתה;brita;זבד הבת;מסורתי משפחתי;בריתה הוא אירוע שנערך אחרי הולדת בת (בטווח עד כ 4 חודשים לאחר לידה), בדרך כלל אינו כולל שום טקס, כולל סעודה. אירוע לרוב מתמשך עם הגדרת זמנים תוחמים (קבועים), פחות רגיש לחוקים דתיים/מסורתיים;14-30 ימים לפני האירוע, יכול להיות גם ממש סמוך לאירוע;גבוה;Не допустим;Не допустим;Чаще вечер;1 событие;20;200;Примерно 5 часов;שעה וחצי +-;צילומי משפחה, קבלת פנים, טקס, סעודה;מסעדה, אולם אירועים,;בחוץ;"	•	אמא (אחרי לידה): רגישה, מתרגשת
	•	אבא: לחוץ, משתדל
	•	סבתא/סבא: שמחים, מעורבים
	•	אחות/חברה קרובה: נלהבת, מתקתקת
";"	•	אמא (אחרי לידה): גבוה
	•	אבא: גבוה
	•	סבתא/סבא: בינוני
	•	אחות/חברה קרובה: בינוני";"	•	אמא: לסגור עיצוב צילום יפה ומושקע
	•	אבא: לקבל הצעה ברורה לסגירה
	•	סבתא/סבא: לבחור חבילה יפה, יכולים להרשות מחיר טיפה יותר גבוה
	•	אחות/חברה: לסגור ספק מהר לפי תקציב";"•	אמא: תוצאה לא יפה בתמונות, לבחור ספק שלא עומד בהתחייבות
	•	אבא: איחור שיפיל את הלו״ז, לבחור ספק שלא עומד בהתחייבות
	•	סבתא/סבא: חבילה לא תואמת למה שהובטח
	•	אחות/חברה: להיתקע בלי פתרון בזמן";"	אמא: Совместное решение
	•	אבא: Совместное решение
	•	סבתא/סבא: Влияет на решение
	•	אחות/חברה: Посредник";;B2C;;;;;;;;"
Magnets
Blocks
stills
Video
Photo-box-selfie 
Catering
Branding
Balloons
planning_events
Album
Flowers";Games;;;;;;;;;;;
מסיבת בר מצווה;bar_mitzvah_party;בר מצווה;מסורתי משפחתי;בר מצווה היא טקס/חגיגה לציון הגעה לבגרות דתית (בדרך כלל בגיל 13). לרוב האירוע מורכב מכמה חלקים: עלייה לתורה בבית הכנסת ואירוע חגיגי/מסיבה עם משפחה וחברים. זה יכול להתקיים באותו יום או בימים שונים, וכולל בדרך כלל כיבוד/ארוחה, מוזיקה, ברכות ולעיתים גם מצגת או תוכן מיוחד.;לרוב 30 ימים לפני, עד - כמה ימים לפני האירוע;;Не допустим;Не допустим;Чаще вечер;1 событие;50;200;Примерно 5 часов;שעה וחצי +-;צילומי משפחה, קבלת פנים, כניסת חתן, תחילת מסיבה, מצגת, ברכות,פעילות חברתית, סעודה;מסעדה, אולם אירועים,;בחוץ;"•	אמא: מעורבת, מתלבטת
	•	אבא: ממוקד, לחוץ
	•	הילד: נרגש, ביישן (לפעמים גם לחוץ)
	•	סבא/סבתא: גאים, מרוגשים
	•	מפיק/ה מטעם המשפחה: ענייני, תקתקן";"	•	אמא: בינוני
	•	אבא: בינוני
	•	הילד (עם ההורים): בינוני
	•	סבתא/סבא: נמוך
	•	מפיק/ה מטעם המשפחה: בינוני";"	•	אמא: להשוות חבילות לבחור כיוון
	•	אבא: להבין מחיר סופי לסגירה
	•	הילד: לבחור משהו מגניב לאירוע
	•	סבתא/סבא: לתמוך בבחירה בלי הסתבכות
	•	מפיק/ה משפחתי: לקבל מחיר וזמינות מיידית";"	•	אמא: לא לעמוד בציפיות של הילד
	•	אבא: חריגה תקציבית ברגע האחרון
	•	הילד: להיראות “לא מגניב” מול חברים
	•	סבתא/סבא: פספוס רגע משפחתי מרכזי
	•	מפיק/ה משפחתי: ספק שלא עומד בזמנים";"	•	אמא: Совместное решение
	•	אבא: Совместное решение
	•	הילד: Влияет на решение
	•	סבתא/סבא: Влияет на решение
	•	מפיק/ה משפחתי: Посредник";;B2C;;;;;;;;"Magnets
Blocks
stills
Video
Photo-box-selfie 
Catering
Branding
Balloons
planning_events
Album
Games
Flowers
table_rent

";;;;;;;;;;;;
מסיבת בת מצווה;bat_mitzvah_party;בת מצווה;משפחתי;מסיבת בת מצווה היא חגיגה לכבוד ילדה שמגיעה לגיל 12 ונחשבת “בת מצווה” לפי המסורת היהודית. לרוב זו מסיבה משפחתית/חברתית עם אוכל וכיבוד, מוזיקה וריקודים, ברכות ונאומים, ולעיתים גם מצגת או תוכן מיוחד לפי הסגנון של המשפחה. בחלק מהמשפחות משלבים גם טקס דתי או אירוע משמעותי (כמו דרשה/הדלקת נרות), באותו יום או ביום אחר.;לרוב 30 ימים לפני, עד - כמה ימים לפני האירוע;;Не допустим;Не допустим;Чаще вечер;1 событие;40;200;Примерно 5 часов;שעה וחצי +-;צילומי משפחה, קבלת פנים, כניסת כלה, תחילת מסיבה, מצגת, קטע אומנותי של כלה, ברכות,פעילות חברתית, סעודה;מסעדה, אולם אירועים, לופט, בריכה;בחוץ;"מסיבת בת מצווה
	•	אמא: מתלבטת, מעורבת
	•	אבא: פרקטי, דרוך
	•	הילדה: נלהבת, רגשית
	•	סבא/סבתא: מרוגשים, מפרגנים
	•	מפיק/ה: ענייני, מוביל";"	•	אמא: בינוני
	•	אבא: בינוני
	•	הילדה (עם ההורים): בינוני
	•	סבתא/סבא: נמוך
	•	מפיק/ה: בינוני";"	•	אמא: למצוא פתרון מתאים לסגנון
	•	אבא: לקבל הצעה קצרה תקציב ברור
	•	הילדה: לוודא שיש סטייל מתאים
	•	סבתא/סבא: להבין מה מקבלים בחבילה
	•	מפיק/ה: לסגור ספק לפי לו״ז";"	•	אמא: לא לעמוד בציפיות של הבת
	•	אבא: ספק לא מקצועי באירוע גדול
	•	הילדה: להרגיש מבוכה מול החברות
	•	סבתא/סבא: איכות נמוכה שלא מכבדת
	•	מפיק/ה: שינויי דקה 90 בלי מענה";"	•	אמא: Совместное решение
	•	אבא: Совместное решение
	•	הילדה: Влияет на решение
	•	סבתא/סבא: Влияет на решение
	•	מפיק/ה: Посредник";;B2C;;;;;;;;"Magnets
Blocks
stills
Video
Photo-box-selfie 
Catering
Branding
Balloons
planning_events
Album
Games
Flowers
table_rent

";;;;;;;;;;;;
עליה לתורה בבית כנסת;aliyah_torah_synagogue;בר מצווה, הנחת תפילין, עליה לתורה;מסורתי;עלייה לתורה בבית כנסת היא טקס שבו חתן בר המצווה (או אדם אחר) עולה לבימה במהלך התפילה, מברך על קריאת התורה ולעיתים גם קורא חלק מהפרשה. זהו אירוע מרגש ומשמעותי שמסמל השתתפות מלאה יותר בתפילה ובמסורת, ובדרך כלל המשפחה והחברים מגיעים לברך ולחגוג.;לרוב 15 ימים לפני, עד - כמה ימים לפני האירוע;;Не допустим;Не допустим;Чаще утро;1 или 2;25;120;;שעה וחצי +-;צילומי משפחה, קבלת פנים, צילום טקס, סעודה ;בית כנסת;בחוץ;"•	אבא: אחראי, דרוך
	•	אמא: מרוגשת, לחוצה
	•	סבא/סבתא: גאים, נרגשים
	•	חתן בר מצווה: נבוך, מתוח
	•	גבאי/איש קשר בית כנסת: רשמי, מסודר";"	•	אבא: גבוה
	•	אמא: בינוני
	•	סבתא/סבא: נמוך
	•	חתן בר מצווה: גבוה
	•	גבאי/איש קשר בית כנסת: נמוך";"	•	אבא: לסגור שירותים בלי טעויות
	•	אמא: להבין מה צריך להזמין עכשיו
	•	סבתא/סבא: לוודא פתרון מכובד במחיר
	•	חתן בר מצווה: לקבל ביטחון שזה יצליח
	•	גבאי/איש קשר: לקבל פרטים תואמים נהלים";"	•	אבא: חוסר תיאום מול בית הכנסת
	•	אמא: לחץ זמן שיגרום לבלאגן
	•	סבתא/סבא: חוסר כבוד באירוח למשפחה
	•	חתן בר מצווה: לטעות מול כולם בטקס
	•	גבאי/איש קשר: ספק שמפריע להתנהלות התפילה";"	•	אבא: Совместное решение 	•	אמא: Совместное решение
	•	סבתא/סבא: Влияет на решение
	•	חתן בר מצווה: Влияет на решение
	•	גבאי/איש קשר: Посредник";;B2C;;;;;;;;"
Magnets
Blocks
stills
Video
Photo-box-selfie 
Catering
Branding
Balloons
planning_events
Album
table_rent

";Games;;;;;;;;;;;
עליה לתורה בכותל;aliyah_torah_kotel;בר מצווה בכותל,;מסורתי;עלייה לתורה בכותל היא טקס חגיגי ברחבת הכותל המערבי בירושלים, שבו חתן בר המצווה עולה לתורה, מברך ולעיתים גם קורא מהפרשה. זה אירוע מרגש במיוחד בגלל המשמעות הרוחנית וההיסטורית של המקום, ובדרך כלל בני משפחה וחברים מגיעים ללוות, לברך ולחגוג.;לרוב 30 ימים לפני, עד - 7 ימים לפני;;Не допустим;Не допустим;Первая половина дня (8 - 11);1 или 2;25;60;;שעה וחצי +-;תהלוכה משער אשפות, צילום טקס, צילומי משפחה, המשך לסעודה במסעדה;כותל;כל מקום חוץ מכותל;"	•	אבא: נרגש, לחוץ
	•	אמא: מרוגשת, מתכננת
	•	סבא/סבתא: גאים, נוסטלגיים
	•	אורחים מחו״ל (קרובי משפחה): נלהבים, מסוחררים
	•	מפיק/ה/מדריך: ענייני, שולט";"•	אבא: גבוה
	•	אמא: גבוה
	•	סבתא/סבא: בינוני
	•	אורחים מחו״ל (קרובי משפחה): גבוה
	•	מפיק/ה / מדריך: בינוני";"	•	אבא: לסגור לוגיסטיקה מחיר ודאי
	•	אמא: לוודא זמינות ביום המבוקש
	•	סבתא/סבא: להבין חבילה מסודרת לכולם
	•	אורחים מחו״ל: לקבל פתרון מלא בלי התעסקות
	•	מפיק/ה/מדריך: לקבל הצעת מחיר לסגירה";"	•	אבא: איחורים שיפספסו את השעה
	•	אמא: לוגיסטיקה תתפרק מול אורחים
	•	סבתא/סבא: עומס שיהרוס את החוויה
	•	אורחים מחו״ל: להסתבך בלי מי שמוביל
	•	מפיק/ה/מדריך: תנאים בשטח שיפילו ביצוע";"	•	אבא: Совместное решение
	•	אמא: Совместное решение
	•	סבתא/סבא: Влияет на решение
	•	אורחים מחו״ל: Влияет на решение
	•	מפיק/ה/מדריך: Посредник";;B2C;;;;;;;;"Magnets
Blocks
stills
Video
Catering
Branding
Balloons
planning_events
Album

";Games;;;;;;;;;;;
עליה לתורה במצדה;aliyah_torah_masada;;מסורתי;עלייה לתורה במצדה היא טקס תפילה חגיגי שנערך באתר מצדה, לרוב בשעות הבוקר (לעיתים עם זריחה), שבו חתן בר המצווה עולה לתורה, מברך ולעיתים גם קורא מהפרשה. זה אירוע מיוחד שמשלב מסורת עם חוויה מרגשת בטבע ובאתר היסטורי, ובדרך כלל המשפחה והחברים מגיעים ללוות, לברך ולחגוג.;לרוב 30 ימים לפני, עד - 7 ימים לפני;;Не допустим;Не допустим;Первая половина дня (8 - 12), может быть на восходе;1 или 2;7;60;;שעה וחצי +-;;מצדה;כל מקום חוץ ממצדה;"•	אבא: דרוך, מתכנן
	•	אמא: מודאגת, מארגנת
	•	הנער/חתן בר מצווה: נרגש, חושש
	•	מפיק/ה/מדריך טיולים: אופרציונלי, תקתקן
	•	סבא/סבתא: מתרגשים, זהירים (יותר חשש לוגיסטי)
";"	•	אבא: גבוה
	•	אמא: גבוה
	•	הנער/חתן בר מצווה: גבוה
	•	מפיק/ה / מדריך טיולים: בינוני
	•	סבתא/סבא: בינוני";"	•	אבא: לוודא היתכנות לוגיסטית מלאה
	•	אמא: להבין מה אפשר ביום ספציפי
	•	הנער: לדעת שזה לא יהיה מביך
	•	מפיק/ה/מדריך: לסגור ספק לפי תנאי שטח
	•	סבתא/סבא: לקבל פתרון נוח בלי סיכון";"•	הורים: תנאי שטח שימנעו ביצוע תקין, עיכובים שימוטטו את הלו״ז, תקלות גישה ציוד ותפעול
	•	הנער: להרגיש מבוכה מול כולם
	•	מפיק/ה/מדריך: תקלות גישה ציוד ותפעול
	•	סבתא/סבא: עומס פיזי שיפגע בהשתתפות";"•	אבא: Совместное решение
	•	אמא: Совместное решение
	•	הנער: Влияет на решение
	•	מפיק/ה/מדריך: Посредник
	•	סבתא/סבא: Влияет на решение";;B2C;;;;;;;;"Magnets
Blocks
stills
Video
Catering
Branding
Balloons
planning_events
Album

";Games;;;;;;;;;;;
יום הולדת ילד/ילדה;birthday_child;;מסורתי;חגיגת יום הולדת לילד היא אירוע שמציין את יום ההולדת שלו עם משפחה וחברים. בדרך כלל כוללת קישוטים, עוגה ונרות, כיבוד, משחקים/הפעלות, מוזיקה ומתנות—והכול מותאם לגיל הילד ולסגנון המשפחה.;לרוב 30 ימים לפני, עד - כמה ימים לפני האירוע;;Не допустим;Не допустим;Чаще первая половина дня (10:00-15:00);1 событие;10;60;;שעה וחצי +-;"קבלת פנים - משחקים/הפעלה - כיבוד/עוגה-חלוקת מתנות; קבלת פנים - עמדות פעילות - טקס עוגה - צילום משפחתי/סיום";לופט, מתנס, פארק, בית פרטי, ג׳ומבורי, משחקיה,בריכה, בחוץ;;"•	אמא: לחוצה, ממהרת
	•	אבא: פרקטי, קצר-רוח
	•	סבתא/סבא: שמחים, מפנקים
	•	הילד/ה: נלהב, אימפולסיבי
	•	ועד כיתה/הורה מארגן: מתוזמן, לחוץ";"	•	אמא: גבוה
	•	אבא: בינוני
	•	סבתא/סבא: נמוך
	•	הילד/ה: בינוני";"	•	אמא: לסגור אטרקציה מהר בתקציב
	•	אבא: לקבל מחיר קצר לסגירה
	•	סבתא/סבא: לבחור משהו משמח בלי מורכב
	•	הילד/ה: לוודא שיש משהו “שווה”
	•	ועד/הורה מארגן: לקבל הצעה אחידה לכל הכיתה";"	•	אמא: אכזבה של הילד מול חברים
	•	אבא: בלגן שלא יסתדר בזמן
	•	סבתא/סבא: שירות חלש שיבאס את הילד
	•	הילד/ה: לא להיות במרכז כמו שציפה
	•	ועד/הורה מארגן: ספק שיבטל ברגע האחרון";"	•	אמא: Принимает решение
	•	אבא: Совместное решение
	•	סבתא/סבא: Влияет на решение
	•	הילד/ה: Влияет на решение
	•	ועד/הורה מארגן: Посредник";;B2C;;;;;;;;"Magnets
Blocks
stills
Video
Photo-box-selfie 
Catering
Branding
Balloons
planning_events
Album
table_rent
";;;;;;;;;;;;
יום הולדת מבוגר;birthday_adult;;משפחתי;חגיגת יום הולדת למבוגר היא אירוע לציון יום ההולדת עם משפחה וחברים. בדרך כלל כוללת ארוחה או כיבוד, שתייה, מוזיקה, ברכות ולעיתים גם פעילות מיוחדת (כמו הופעה/דיג’יי/מצגת), בהתאם לסגנון החוגג והמקום.;לרוב 30 ימים לפני, עד - כמה ימים לפני האירוע;;Не допустим;Не допустим;Чаще вечер;1 событие;15;150;;שעה וחצי +-;" / קבלת פנים - ארוחה - נאומים/מצגת - מסיבה/די-ג׳יי ; קבלת פנים - כיבוד/אלכוהול - ברכות/תוכן - ריקודים/סיום";מסעדה, אולם אירועים, בית, לופט, בריכה,;;"	•	בן/בת זוג: רוצה להרשים, לחוץ
	•	החוגג/ת: קליל, מתלבט
	•	ילדים בוגרים: מרוגשים, רוצים “כבוד”
	•	חבר/ה: זורם, נלהב";"•	בן/בת זוג: בינוני
	•	החוגג/ת: נמוך
	•	ילדים בוגרים: בינוני
	•	חבר/ה: נמוך";"	•	בן/בת זוג: להפתיע עם פתרון קל
	•	החוגג/ת: לבדוק מחיר וזמינות מהר
	•	ילדים בוגרים: לסגור מתנה מכובדת בלי לחץ
	•	חבר/ה: להבין אופציה פשוטה לסגירה";"	•	בן/בת זוג: הפתעה שתתקלקל ברגע האמת
	•	החוגג/ת: חוויה לא נעימה למוזמנים
	•	ילדים בוגרים: לצאת “לא מכובד” מול משפחה
	•	חבר/ה: חוסר תיאום שיביך מול כולם";"	•	בן/בת זוג: Принимает решение
	•	החוגג/ת: Принимает решение
	•	ילדים בוגרים: Совместное решение
	•	חבר/ה: Влияет на решение";;B2C;;;;;;;;"Magnets
Blocks
stills
Video
Photo-box-selfie 
Catering
Branding
Balloons
planning_events
Album
Flowers
table_rent

";Games;;;;;;;;;;;
הצעת נישואין;proposal;;משפחתי;אירוע הצעת נישואין הוא רגע מתוכנן שבו אחד מבני הזוג מציע נישואין לשני בצורה מרגשת ומיוחדת. לרוב זה כולל אווירה רומנטית, לוקיישן מושקע, לעיתים קישוטים/פרחים/בלונים, צילום או וידאו, ובסוף גם חגיגה קטנה עם קרובים—הכול לפי הסגנון והתקציב.;לרוב 15 ימים לפני, עד - כמה ימים לפני האירוע;;Не допустим;допустим;Закат;1 событие;2;15;;שעה וחצי +-;הגעה למקום - רגע ההצעה - צילום/וידאו - חגיגה קטנה  ;מסעדה, מקום בטבע (חוף ים, מדבר, ים המלח), בחוץ;;"•	המציע/ה: נרגש, חרד
	•	חבר/ה שמסייע/ת: נלהב, סודי
	•	אחות/אח: מתרגש, לחוץ
	•	מפיק/ה: שולט, מרגיע";"	•	המציע/ה: קריטי
	•	חבר/ה שמסייע/ת: בינוני
	•	אח/ות: בינוני
	•	מפיק/ה: בינוני";"	•	המציע/ה: לוודא דיסקרטיות זמינות ביצוע
	•	חבר/ה מסייע/ת: לסגור תיאום מהיר בשקט
	•	אח/ות: לקבל פתרון בטוח בלי סיבוך
	•	מפיק/ה: לקבל תקציב סופי לסגירה";"	•	המציע/ה: שההפתעה תיחשף מראש
	•	חבר/ה מסייע/ת: תקלה שתהרוס את הרגע
	•	אח/ות: אי תיאום שיפיל את ההפתעה
	•	מפיק/ה: טעות תזמון שתפספס רגע שיא";"	•	המציע/ה: Принимает решение
	•	חבר/ה מסייע/ת: Посредник
	•	אח/ות: Влияет на решение
	•	מפיק/ה: Посредник";;B2C;;;;;;;;"
stills
Video
Photo-box-selfie Branding
Balloons
planning_events
Flowers
";Games;;;;;;;;;;;
הפרשת חלה;hafrashat_hallah;;מסורתי משפחתי;אירוע הפרשת חלה הוא מפגש חגיגי, לרוב לנשים, שבו מכינים בצק לחלות ומקיימים את מצוות “הפרשת חלה” עם ברכה ותפילה. בדרך כלל זה כולל דברי תורה/חיזוק, שירים או ברכות, כיבוד ואווירה מרגשת—ולעיתים גם מוקדש לברכה, הודיה או בקשה אישית.;לרוב 15 ימים לפני, עד - כמה ימים לפני האירוע;;Не допустим;допустим;Чаще вечер;1 событие;5;60;;שעה וחצי +-;קבלת פנים - שיעור/דברי חיזוק - הפרשת חלה וברכה - כיבוד/שירים;;בחוץ;"	•	מארגנת (אישה): מרוכזת, מתרגשת
	•	חברות/אחיות: חמות, נלהבות
	•	רבנית/מדריכה: רגועה, מובילה
	•	מארגן לוגיסטי (בעל/בן): ענייני, מהיר";"	•	מארגנת (אישה): בינוני
	•	חברות/אחיות: נמוך
	•	רבנית/מדריכה: נמוך
	•	מארגן לוגיסטי (בעל/בן): נמוך";"	•	מארגנת: לבחור חבילה ברורה לפי כמות
	•	חברות/אחיות: לבדוק מחיר לסגירה מהירה
	•	רבנית/מדריכה: לוודא התאמה לאופי האירוע
	•	מארגן לוגיסטי: לקבל פרטים ותשלום מסודר";"	•	מארגנת: אוכל/סידור לא יספיק לכמות
	•	חברות/אחיות: אירוע ירגיש מאולתר ולא מושקע
	•	רבנית/מדריכה: חוסר התאמה לאופי קהל
	•	מארגן לוגיסטי: תקלת אספקה ביום האירוע";"	•	מארגנת: Принимает решение
	•	חברות/אחיות: Влияет на решение
	•	רבנית/מדריכה: Влияет на решение
	•	מארגן לוגיסטי: Посредник";;B2C;;;;;;;;"Magnets
Blocks
stills
Video
Photo-box-selfie
Branding
Balloons
planning_events
Flowers
";Games;;;;;;;;;;;
חינה;henna;;מסורתי משפחתי;אירוע חינה הוא טקס מסורתי חגיגי שנערך לפני החתונה, שבו חוגגים את הזוג עם משפחה וחברים באווירה צבעונית ושמחה. בדרך כלל כוללים לבוש מסורתי, מוזיקה וריקודים, טקס מריחת חינה כסמל לברכה ומזל טוב, כיבוד ולעיתים גם תלבושות וצילומים מיוחדים.;לרוב 15 ימים לפני, עד - כמה ימים לפני האירוע;;Не допустим;допустим;Чаще вечер;1 событие;70;200;;שעה וחצי +-;צילומי משפחה, קבלת פנים, טקס, מסיבה;מסעדה, אול אירועים;בחוץ;"	•	משפחת הכלה: מתרגשת, עמוסה
	•	משפחת החתן: גאים, דרוכים
	•	הכלה: נרגשת, מוצפת
	•	החתן: זורם, לחוץ
	•	מפיק/ה: אופרציונלי, מוביל
";"•	משפחת הכלה: גבוה
	•	משפחת החתן: גבוה
	•	הכלה: גבוה
	•	החתן: בינוני
	•	מפיק/ה: בינוני";"	•	משפחת הכלה: לקבל ספק שיסגור הכול
	•	משפחת החתן: להבין מחיר סופי בלי הפתעות
	•	הכלה: לבחור סגנון מהר לסגירה
	•	החתן: לוודא שהכול מסודר בלי עומס
	•	מפיק/ה: לסגור ספקים לפי לו״ז";"	•	משפחת הכלה: אירוע לא ייראה מספיק “גדול”
	•	משפחת החתן: חוסר סדר שיביך מול אורחים
	•	הכלה: להיראות לא טוב בתמונות
	•	החתן: בלגן שייצא משליטה
	•	מפיק/ה: ספקים שלא יעמדו בהפקה";"	•	משפחת הכלה: Совместное решение
	•	משפחת החתן: Совместное решение
	•	הכלה: Влияет на решение
	•	החתן: Влияет на решение
	•	מפיק/ה: Посредник";;B2C;;;;;;;;"Magnets
Blocks
stills
Video
Photo-box-selfie
Catering
Branding
planning_events
Album
Flowers
table_rent
";Games;;;;;;;;;;;
חתונה;wedding;;מסורתי משפחתי;תרשום הסבר קצר לאירוע חינה;2 - 18 חודשים לפני;;Не допустим;Не допустим;С утра до ночи(доп. Категоризации по требуемым услугам);1 или 2;70;500;;שעה וחצי +-;צילומי זוג/משפחה - קבלת פנים - חופה - ארוחה - מסיבה;גן אירועים, אולם אירועים, מסעדה;בחוץ;"	•	הכלה: מוצפת, דרוכה (לעיתים עייפה מתכנון)
	•	החתן: מתרגש, לחוץ
	•	אמא של הכלה: דואגת, שולטת
	•	אבא של הכלה: אחראי, לחוץ
	•	הורים של החתן: גאים, דרוכים
	•	מפיק/ה/אולם: ענייני, תקתקן";"	•	הכלה: בינוני
	•	החתן: בינוני
	•	אמא של הכלה: בינוני
	•	אבא של הכלה: בינוני
	•	הורים של החתן: בינוני
	•	מפיק/ה / אולם: בינוני";"	•	הכלה: לבדוק זמינות תנאים בלי חפירות
	•	החתן: לקבל מחיר ברור לסגירה
	•	אמא של הכלה: לוודא שליטה בלי סיכונים
	•	אבא של הכלה: לסגור תקציב ולוגיסטיקה
	•	הורים של החתן: להבין מה מקבלים בפועל
	•	מפיק/אולם: לקבל הצעה קצרה לסגירה";"	•	הכלה: לפספס רגעים מרכזיים ביום
	•	החתן: ספק שיאחר ויפיל לו״ז
	•	אמא של הכלה: תוצאה לא מושלמת מול משפחה
	•	אבא של הכלה: חריגה תקציבית בלי שליטה
	•	הורים של החתן: איכות נמוכה שתביך משפחה
	•	מפיק/אולם: ספק שלא עומד בסטנדרט";"	•	הכלה: Совместное решение
	•	החתן: Совместное решение
	•	אמא של הכלה: Влияет на решение
	•	אבא של הכלה: Влияет на решение
	•	הורים של החתן: Влияет на решение
	•	מפיק/אולם: Посредник";;B2C / B2B2C;;;;;;;;"Magnets
Blocks
stills
Video
Photo-box-selfie
Branding
planning_events
Album
Flowers";Games;;;;;;;;;;;
מסיבת סיום בית ספר;school_graduation;;ציבורי-קהילתי;מסיבת סיום בבית ספר היא אירוע חגיגי שמסכם שנה או תקופה לימודית ומציין סיום כיתה/מסגרת. בדרך כלל כוללת טקס עם נאומים וברכות, מופעים או מצגות של התלמידים, חלוקת תעודות/פרסים, כיבוד וצילומים עם המשפחות והמורים.;לרוב 30 ימים לפני, עד - כמה ימים לפני;;Не допустим;Не допустим;Утро / вечер;1 событие;;;;שעה וחצי +-;;;בחוץ;"	•	ועד הורים: לחוץ, מתואם
	•	מחנכת/מנהלת: רשמית, זהירה
	•	תלמידים (מועצה): נלהבים, מפוזרים
	•	הורים “רגילים”: שמחים, לא רוצים להתעסק";"	•	ועד הורים: גבוה
	•	מחנכת/מנהלת: בינוני
	•	תלמידים (מועצה): נמוך
	•	הורים “רגילים”: נמוך";"	•	ועד הורים: לקבל פתרון קבוצתי במחיר
	•	מחנכת/מנהלת: לוודא פורמט תקני ובטוח
	•	תלמידים: לבחור משהו מגניב לבמה
	•	הורים רגילים: להבין תשלום בלי התעסקות";"	•	ועד הורים: חריגה תקציבית מול הורים
	•	מחנכת/מנהלת: חוסר סדר שיפגע בטקס
	•	תלמידים: טקס משעמם בלי “וואו”
	•	הורים רגילים: כאב ראש ארגוני מיותר";"	•	ועד הורים: Совместное решение
	•	מחנכת/מנהלת: Влияет на решение
	•	תלמידים: Влияет на решение
	•	הורים רגילים: Влияет на решение";;B2C / B2B2C;;;;;;;;"
Magnets
Blocks
stills
Video
Photo-box-selfie
Catering
Branding
Balloons
planning_events
Games


";;;;;;;;;;;;
יום גיבוש בעבודה;work_team_day;;עסקי קהילתי;יום גיבוש בעבודה הוא אירוע שמטרתו לחזק את הקשר והעבודת-צוות בין העובדים מחוץ לשגרה. בדרך כלל הוא כולל פעילויות חווייתיות (כמו סדנאות, משחקי צוות או טיול), ארוחה/כיבוד ולעיתים גם תוכן מקצועי קצר—כדי לשפר תקשורת, מוטיבציה ואווירה.;לרוב 30 ימים לפני, עד - 7 ימים לפני;;Не допустим;Не допустим;Утро / день;1 событие;;;;שעה וחצי +-;;;;"	HR/רווחה: רציונלי, תקתקני
	•	מנהל/ת צוות: תכליתי, קצר בזמן
	•	הנהלה: מדויק, דורש תוצאה
	•	עובדים יוזמים: נלהבים, מציעים רעיונות
";"	•	HR/רווחה: בינוני
	•	מנהל/ת צוות: בינוני
	•	הנהלה: בינוני
	•	עובדים יוזמים: נמוך
";"
	•	HR/רווחה: לקבל פתרון במסגרת תקציב
	•	מנהל צוות: לבחור אופציה קצרה לסגירה
	•	הנהלה: לאשר עלות תוצאה צפויה
	•	עובדים יוזמים: להציע רעיון שישכנע מנהלים
";"
	•	HR/רווחה: חוסר שביעות רצון של עובדים
	•	מנהל צוות: פדיחה מול הנהלה על בחירה
	•	הנהלה: הוצאה בלי ערך או תוצאה
	•	עובדים יוזמים: רעיון שיידחה ויביך אותם
";"	•	HR/רווחה: Влияет на решение
	•	מנהל/ת צוות: Влияет на решение
	•	הנהלה: Принимает решение
	•	עובדים יוזמים: Влияет на решение
";;B2B / B2B2C;;;;;;;;"
Magnets
Blocks
stills
Video
Photo-box-selfie
Catering
Branding
Balloons
planning_events
Games
Flowers
table_rent
";;;;;;;;;;;;
כנסים;conference;;עסקי;כנס הוא אירוע מקצועי או עסקי שבו אנשים מתכנסים סביב נושא משותף כדי ללמוד, להתעדכן ולהתחבר. בדרך כלל הוא כולל הרצאות ופאנלים, נטוורקינג, ולעיתים גם תערוכה/דוכנים, סדנאות וכיבוד—בהתאם לגודל וסוג הכנס.;0-6 חודשים;;Не допустим;Не допустим;Любое время, чаще вечер;1 событие;;;;שעה וחצי +-;;;;"	•	מנהל/ת אירועים/שיווק: לחוץ, מדויק
	•	רכש/כספים: רציונלי, חשדן
	•	מנכ״ל/הנהלה: דורש, קצר
	•	מפיק/ה חיצוני: שולט, מוביל";"•	מנהל/ת אירועים/שיווק: גבוה
	•	רכש/כספים: בינוני
	•	מנכ״ל/הנהלה: בינוני
	•	מפיק/ה חיצוני: בינוני";"	•	מנהל אירועים/שיווק: לקבל פתרון מקצועי במסגרת תקציב
	•	רכש/כספים: לקבל מחיר סופי להשוואה
	•	מנכ״ל/הנהלה: להבין ערך מוסף בלי זמן
	•	מפיק חיצוני: לסגור ספק לפי מפרט";"	•	מנהל אירועים/שיווק: תקלה שתפגע במותג מול קהל
	•	רכש/כספים: ליפול על תנאים נסתרים במחיר
	•	מנכ״ל/הנהלה: אירוע חלש מול שותפים חשובים
	•	מפיק חיצוני: ספק שלא יספק לפי מפרט";"	מנהל/ת אירועים/שיווק: Влияет на решение
	•	רכש/כספים: Влияет на решение
	•	מנכ״ל/הנהלה: Принимает решение
	•	מפיק חיצוני: Посредник";;B2B / B2B2C;;;;;;;;"
Magnets
Blocks
stills
Video
Photo-box-selfie
Catering
Branding
Balloons
planning_events
table_rent


";Games;;;;;;;;;;;
הרצאות;lecture;;עסקי;אירוע הרצאות הוא מפגש שבו מתקיימות כמה הרצאות סביב נושא מסוים לקהל. בדרך כלל כולל סדרת מרצים, הפסקות קצרות, זמן לשאלות ונטוורקינג, ולעיתים גם כיבוד והרשמה מראש—בהתאם למקום ולפורמט.;0-6 חודשים;;Не допустим;Не допустим;Любое время, чаще вечер;1 событие;;;;שעה וחצי +-;;;;"	•	ארגון/מוסד: ענייני, מתואם
	•	מנהל קהילה/תוכן: נלהב, לחוץ
	•	מרצה עצמאי: עסקי, רוצה לסגור מהר
	•	מפיק/ה: מסודר, מוביל
";"	•	ארגון/מוסד: בינוני
	•	מנהל קהילה/תוכן: בינוני
	•	מרצה עצמאי: בינוני
	•	מפיק/ה: בינוני";"•	ארגון/מוסד: לוודא זמינות תנאים מחיר
	•	מנהל תוכן/קהילה: לבחור פורמט מתאים לקהל
	•	מרצה עצמאי: לסגור לוגיסטיקה מחיר מהיר
	•	מפיק/ה: לקבל פרטים מלאים לסגירה";"	•	ארגון/מוסד: חוסר מקצועיות מול קהל
	•	מנהל תוכן/קהילה: כשל טכני שיפיל את הערב
	•	מרצה עצמאי: ארגון לקוי שיפגע במוניטין
	•	מפיק/ה: עיכובים שיפגעו בלו״ז
";"	•	ארגון/מוסד: Принимает решение
	•	מנהל תוכן/קהילה: Влияет на решение
	•	מרצה עצמאי: Принимает решение
	•	מפיק/ה: Посредник";;B2B / B2B2C;;;;;;;;"
Magnets
Blocks
stills
Video
Photo-box-selfie
Catering
Branding
Balloons
planning_events
Album
Flowers
table_rent


";Games;;;;;;;;;;;
טקסים;ceremony;;קהילתי;טקס הוא אירוע רשמי ומסודר שמתקיים לציון רגע חשוב או הישג, כמו סיום, פתיחה, הוקרה או זיכרון. בדרך כלל כולל סדר תוכן מוגדר, נאומים וברכות, לעיתים מוזיקה/קטעי קישור, ולעיתים גם חלוקת תעודות או פרסים.;0-6 חודשים;;Не допустим;Не допустим;Любое время, чаще день;1 событие;;;;שעה וחצי +-;;;;"•	רשות/מוסד: רשמי, זהיר
	•	ועד/קהילה: לחוץ, אחראי
	•	משפחה (אם טקס פרטי): מרוגשת, דרוכה
	•	מפיק/ה: אופרציונלי, רגוע";"	•	רשות/מוסד: בינוני
	•	ועד/קהילה: בינוני
	•	משפחה (אם טקס פרטי): גבוה
	•	מפיק/ה: בינוני";"•	רשות/מוסד: לקבל הצעה תקנית בהתאם נהלים
	•	ועד/קהילה: לסגור ספק אמין בזמן קצר
	•	משפחה: לוודא כבוד ודיוק בביצוע
	•	מפיק/ה: לקבל מחיר לסגירה לפי לו״ז";"	•	רשות/מוסד: חריגה מפרוטוקול מול קהל
	•	ועד/קהילה: פגיעה בכבוד האירוע הציבורי
	•	משפחה: רגע חשוב ייהרס מחוסר דיוק
	•	מפיק/ה: ספק לא אמין באירוע רשמי";"	•	רשות/מוסד: Принимает решение
	•	ועד/קהילה: Влияет на решение
	•	משפחה: Совместное решение
	•	מפיק/ה: Посредник";;B2B / B2B2C;;;;;;;;"
Magnets
Blocks
stills
Video
Photo-box-selfie
Catering
Branding
Balloons
planning_events
Album
table_rent
";Games;;;;;;;;;;;
מסיבת רווקות;bachelorette_party;;משפחתי;מסיבת רווקות היא חגיגה שנערכת לפני החתונה לכבוד הכלה (ולפעמים גם עם החברות הקרובות). בדרך כלל כוללת בילוי משותף כמו ארוחה, פעילות או סדנה, מוזיקה ומשחקים, מתנות ואווירה שמחה—והכול מותאם לסגנון של הכלה ולתקציב.;לרוב 15 ימים לפני, עד - כמה ימים לפני האירוע;;Не допустим;допустим;Чаще вечер, пятница утром;1 событие;5;50;;שעה וחצי +-;;בריכה, לופט, מסעדה;;"	•	מלווה/חברה הכי טובה: נלהבת, לחוצה
	•	אחיות הכלה: מעורבות, דואגות
	•	הכלה: נרגשת, מוצפת
	•	מפיק/ה: שולט, מרגיע";"•	מלווה/חברה הכי טובה: גבוה
	•	אחיות הכלה: בינוני
	•	הכלה: בינוני
	•	מפיק/ה: בינוני";"	•	מלווה/חברה הכי טובה: לסגור משהו שווה מהר
	•	אחיות הכלה: לוודא שזה מתאים לכלה
	•	הכלה: לבדוק מה עושים בלי עומס
	•	מפיק/ה: לסגור חבילה לפי תאריך";"	•	מלווה/חברה הכי טובה: הכלה תתאכזב מהאירוע
	•	אחיות הכלה: משהו לא מתאים יפגע בכלה
	•	הכלה: מבוכה מול חברות ביום שלה
	•	מפיק/ה: שינויים ברגע האחרון בלי פתרון";"	•	מלווה/חברה: Принимает решение
	•	אחיות הכלה: Влияет на решение
	•	הכלה: Влияет на решение
	•	מפיק/ה: Посредник";;B2C;;;;;;;;"
Magnets
Blocks
stills
Video
Photo-box-selfie
Catering
Branding
Balloons
planning_events
Flowers
table_rent
";Games;;;;;;;;;;;
מסיבת רווקים;bachelor_party;;משפחתי;מסיבת רווקים היא חגיגה שנערכת לפני החתונה לכבוד החתן, בדרך כלל עם חברים קרובים. לרוב כוללת בילוי משותף כמו ארוחה או יציאה, פעילות חווייתית/אטרקציה, מוזיקה ואווירה כיפית—בהתאם לסגנון של החתן ולתקציב.;לרוב 15 ימים לפני, עד - כמה ימים לפני האירוע;;Не допустим;допустим;Чаще вечер, пятница утром;1 событие;5;50;;שעה וחצי +-;;בריכה, לופט, מסעדה;;"	•	חבר הכי טוב: נלהב, ממהר
	•	החתן: זורם, נבוך
	•	חברים: קלילים, אימפולסיביים
	•	מפיק/ה/מקום: ענייני, ישיר";"•	חבר הכי טוב: בינוני
	•	החתן: נמוך
	•	חברים: נמוך
	•	מפיק/ה/מקום: בינוני";"	•	חבר הכי טוב: לסגור פעילות בלי בלגן
	•	החתן: לוודא שזה לא מוגזם
	•	חברים: להבין מחיר להשתתפות מהר
	•	מפיק/מקום: לקבל תקציב סופי לסגירה";"	•	חבר הכי טוב: ביטול ברגע האחרון של פעילות
	•	החתן: פעילות שתצא מוגזמת מדי
	•	חברים: בלגן ארגוני שיפגע בכיף
	•	מפיק/מקום: תקלה שתפיל את הערב";"	•	חבר הכי טוב: Принимает решение
	•	החתן: Влияет на решение
	•	חברים: Влияет на решение
	•	מפיק/מקום: Посредник";;B2C;;;;;;;;"
Magnets
Blocks
stills
Video
Photo-box-selfie
Catering
Branding
Balloons
planning_events
table_rent
";;;;;;;;;;;;
הכנסת ספר תורה;torah_scroll_dedication;;מסורתי דתי;הכנסת ספר תורה היא אירוע חגיגי שבו מכניסים ספר תורה חדש לבית הכנסת. בדרך כלל מתקיימת תהלוכה שמחה עם שירה וריקודים, לעיתים כתיבת אותיות אחרונות, ולאחר מכן תפילה וסעודת מצווה—כדי לציין את המעמד המכובד והמרגש.;לרוב 15 ימים לפני, עד - כמה ימים לפני האירוע;;;;;;;;;שעה וחצי +-;;בית כנסת;בחוץ;"	•	תורם/משפחה תורמת: נרגש, ירא
	•	גבאי/ועד בית כנסת: אחראי, תקני
	•	רב: רשמי, מוביל
	•	מתפללים/קהילה יוזמת: מרוגשים, מחויבים";"•	תורם/משפחה תורמת: בינוני
	•	גבאי/ועד בית כנסת: גבוה
	•	רב: בינוני
	•	קהילה יוזמת: בינוני";"	•	תורם/משפחה תורמת: לוודא כבוד ביצוע לפי מסורת
	•	גבאי/ועד: לסגור לוגיסטיקה ספק אמין
	•	רב: לוודא התאמה לסדר הטקס
	•	קהילה יוזמת: לקבל הצעת מחיר מסודרת";"	•	תורם/משפחה תורמת: פגיעה בכבוד המעמד הקדוש
	•	גבאי/ועד: חוסר סדר שיפגע במהלך הטקס
	•	רב: אי התאמה לסדר והנהגה
	•	קהילה יוזמת: תקלה שתביך מול המתפללים";"	•	תורם/משפחה תורמת: Совместное решение
	•	גבאי/ועד: Влияет на решение
	•	רב: Влияет на решение
	•	קהילה יוזמת: Влияет на решение";;B2C;;;;;;;;"
Magnets
Blocks
stills
Video
Catering
Branding
Balloons
planning_events
table_rent

";Games;;;;;;;;;;;